{"1 No-Rule_(--_=_mean)": [[0.9388888888888888, 0.965686274509804, 0.9833333333333334, 0.9715686274509805, 0.9493464052287581, 0.9830065359477125, 0.9833333333333334, 0.9777777777777779, 0.9777777777777779, 0.904248366013072], [0.0006089210510253906, 0.04332067966461182, 0.04370434284210205, 0.05386514663696289, 0.0004329681396484375, 0.048450469970703125, 0.044955873489379884, 0.0004718780517578125, 0.04534637928009033, 0.00039680004119873046]], "3 Borda": [[0.9539215686274511, 0.9826797385620916, 0.9830065359477125, 0.988562091503268, 0.9267973856209151, 0.9774509803921569, 0.977124183006536, 0.966013071895425, 0.9944444444444445, 0.9434640522875817], [0.024229049682617188, 0.045446133613586424, 0.07008869647979736, 0.024744200706481933, 0.04860684871673584, 0.08112213611602784, 0.048388004302978516, 0.02375047206878662, 0.06841111183166504, 0.0008550405502319336]], "3 Copeland": [[0.9431372549019608, 0.9830065359477125, 0.9777777777777779, 0.842483660130719, 0.9663398692810459, 0.9549019607843137, 0.9663398692810456, 0.9941176470588236, 0.9660130718954247, 0.95], [0.001717376708984375, 0.07039487361907959, 0.04732975959777832, 0.0020801544189453123, 0.001992321014404297, 0.025075793266296387, 0.08151421546936036, 0.05017299652099609, 0.0017775297164916992, 0.001754927635192871]], "3 Sum": [[0.9718954248366014, 0.9722222222222223, 0.9833333333333334, 0.9607843137254901, 0.9607843137254901, 0.9493464052287581, 0.9833333333333332, 0.9777777777777779, 0.9888888888888889, 0.9833333333333334], [0.0005023002624511719, 0.04898061752319336, 0.024134302139282228, 0.023786711692810058, 0.0004951953887939453, 0.023256349563598632, 0.0946387529373169, 0.09365904331207275, 0.028166437149047853, 0.02710895538330078]], "3 Kemeny": [[0.988562091503268, 0.9941176470588236, 0.9715686274509805, 0.9718954248366014, 0.9830065359477125, 0.8937908496732027, 0.9774509803921569, 0.9777777777777779, 0.8823529411764707, 0.9215686274509804], [0.14543967247009276, 0.14378883838653564, 0.12166287899017333, 0.1405503273010254, 0.12284739017486572, 0.1254124641418457, 0.1215348482131958, 0.11996538639068603, 0.07704906463623047, 0.0993947982788086]], "3 Plurality": [[0.9549019607843139, 0.9888888888888889, 0.9777777777777779, 0.9722222222222221, 0.8934640522875817, 0.9888888888888889, 0.9045751633986929, 0.9833333333333334, 0.9774509803921569, 0.9888888888888889], [0.0006340265274047852, 0.06808900833129883, 0.024985289573669432, 0.06776649951934814, 0.05399842262268066, 0.07824139595031739, 0.0005476951599121093, 0.07200300693511963, 0.02418224811553955, 0.0007494688034057617]], "5 Borda": [[0.9826797385620916, 0.9774509803921569, 0.9607843137254901, 0.9660130718954247, 0.9264705882352942, 0.9666666666666666, 0.9441176470588237, 0.977124183006536, 0.95, 0.9663398692810456], [0.025562644004821777, 0.02477407455444336, 0.04578225612640381, 0.04756598472595215, 0.05853948593139648, 0.07709579467773438, 0.026368355751037596, 0.06974422931671143, 0.048534607887268065, 0.16461148262023925]], "5 Copeland": [[0.9601307189542485, 0.8931372549019608, 0.9888888888888889, 0.9777777777777779, 0.9833333333333332, 0.9326797385620915, 0.9718954248366014, 0.9601307189542485, 0.9666666666666668, 0.9941176470588236], [0.054088282585144046, 0.02806408405303955, 0.07021715641021728, 0.09400105476379395, 0.09690442085266113, 0.0019117355346679687, 0.0018795251846313477, 0.002008199691772461, 0.056731152534484866, 0.051954126358032225]], "5 Sum": [[0.9663398692810459, 0.988562091503268, 0.9833333333333334, 0.9774509803921569, 0.9715686274509805, 0.9598039215686276, 0.9660130718954247, 0.9555555555555557, 0.9833333333333334, 0.9107843137254903], [0.0007012605667114258, 0.09022042751312256, 0.07255373001098633, 0.0006868362426757813, 0.11496517658233643, 0.05393140316009522, 0.04842443466186523, 0.024497556686401366, 0.09612159729003907, 0.02920060157775879]], "5 Kemeny": [[0.9049019607843137, 0.9607843137254901, 0.9777777777777779, 0.9552287581699346, 0.9777777777777779, 0.9379084967320261, 0.9830065359477125, 0.9666666666666666, 0.9722222222222221, 0.9372549019607843], [0.0768935203552246, 0.10700504779815674, 0.10355761051177978, 0.1553433656692505, 0.16742172241210937, 0.10802915096282958, 0.19502370357513427, 0.18132658004760743, 0.07331788539886475, 0.14678268432617186]], "5 Plurality": [[0.9660130718954247, 0.9830065359477125, 0.9722222222222221, 0.977124183006536, 0.9830065359477125, 0.9941176470588236, 0.9552287581699346, 0.9833333333333334, 0.9777777777777779, 0.977124183006536], [0.0007904291152954102, 0.09050965309143066, 0.13967735767364503, 0.0774919033050537, 0.0795201301574707, 0.07066285610198975, 0.02619633674621582, 0.08576416969299316, 0.10909292697906495, 0.10498347282409667]], "10 Borda": [[0.9549019607843139, 0.9607843137254901, 0.961111111111111, 0.9607843137254901, 0.9830065359477125, 0.9379084967320261, 0.9830065359477125, 0.9830065359477125, 0.988562091503268, 0.9833333333333334], [0.07468509674072266, 0.02988564968109131, 0.06395065784454346, 0.10960996150970459, 0.1477579116821289, 0.08766193389892578, 0.1181112289428711, 0.05014753341674805, 0.19671938419342042, 0.1482755422592163]], "10 Copeland": [[0.9826797385620916, 0.9549019607843137, 0.9833333333333334, 0.988562091503268, 0.9774509803921567, 0.9718954248366014, 0.9833333333333334, 0.9888888888888889, 0.9888888888888889, 0.9833333333333334], [0.17098305225372315, 0.12898728847503663, 0.050636911392211915, 0.08787980079650878, 0.13442575931549072, 0.07879524230957032, 0.09789142608642579, 0.13780491352081298, 0.21603100299835204, 0.11646838188171386]], "10 Sum": [[0.9496732026143789, 0.988562091503268, 0.988562091503268, 0.9666666666666668, 0.9888888888888889, 0.9830065359477125, 0.988562091503268, 0.9888888888888889, 0.9663398692810456, 0.9888888888888889], [0.052555632591247556, 0.0742642879486084, 0.09027559757232666, 0.14030606746673585, 0.1529021978378296, 0.14499685764312745, 0.10714471340179443, 0.13293628692626952, 0.08798491954803467, 0.1040644884109497]], "10 Kemeny": [[0.9212418300653594, 0.9490196078431372, 0.9833333333333334, 0.9774509803921569, 0.8934640522875817, 0.9777777777777779, 0.8990196078431373, 0.9274509803921569, 0.9718954248366014, 0.9830065359477125], [0.12971642017364501, 0.12670588493347168, 0.19107604026794434, 0.13181748390197753, 0.1781135082244873, 0.27473695278167726, 0.15450568199157716, 0.12655246257781982, 0.21427524089813232, 0.20969316959381104]], "10 Plurality": [[0.9833333333333332, 0.9777777777777779, 0.9833333333333334, 0.9774509803921569, 0.9722222222222221, 0.9888888888888889, 0.9555555555555555, 0.9777777777777779, 0.988562091503268, 0.9777777777777779], [0.09993135929107666, 0.1085808277130127, 0.060868334770202634, 0.0821028470993042, 0.10394716262817383, 0.20054898262023926, 0.07755796909332276, 0.05163905620574951, 0.0859147548675537, 0.061597371101379396]], "20 Borda": [[0.9888888888888889, 0.9437908496732026, 0.9718954248366014, 0.9607843137254903, 0.9441176470588235, 0.9833333333333332, 0.9888888888888889, 0.9601307189542485, 0.9490196078431372, 0.965686274509804], [0.2570148468017578, 0.14108715057373047, 0.18683040142059326, 0.16968867778778077, 0.10911481380462647, 0.28077585697174073, 0.380097770690918, 0.1646205186843872, 0.17547390460968018, 0.21538758277893066]], "20 Copeland": [[0.9944444444444445, 0.9833333333333334, 0.9888888888888889, 0.9718954248366014, 0.966013071895425, 0.9944444444444445, 0.9833333333333334, 0.9833333333333334, 0.988562091503268, 0.9777777777777779], [0.20851349830627441, 0.21831259727478028, 0.21910314559936522, 0.1166844129562378, 0.13138301372528077, 0.19341747760772704, 0.15628769397735595, 0.10390732288360596, 0.2654227018356323, 0.2188443660736084]],